Workbook

Sheet WellAura_Data
A1: User_ID | B1: Mood_Score | C1: Sleep_Duration | D1: Sleep_Quality | E1: Sleep_Disturbance | F1: Morning_Freshness | G1: Stress_A | H1: Stress_B | I1: Stress_C | J1: Stress_D | K1: Stress_E | L1: Physical_Activity_Score | M1: Focus_Q1 | N1: Focus_Q2 | O1: Focus_Q3 | P1: Focus_Q4 | Q1: Sleep_Score | R1: Stress_Score | S1: Focus_Total | T1: Focus_Index | U1: WES | V1: MES | W1: EEI | X1: BRS | Y1: MA | Z1: PES | AA1: ASI | AB1: Sustainability | AC1: ARS | AD1: Twi
A2: U001 | B2: 42 | C2: 72 | D2: 96 | E2: 98 | F2: 65 | G2: 86 | H2: 74 | I2: 30 | J2: 40 | K2: 63 | L2: 0 | M2: 3 | N2: 2 | O2: 2 | P2: 5 | Q2: =0.35*C2+0.3*D2+0.2*E2+0.15*F2 -> 83.35 | R2: =0.3*G2+0.25*H2+0.2*I2+0.15*J2+0.1*K2 -> 62.6 | S2: =M2+N2+O2+P2 -> 12 | T2: =(S2/20)*100 -> 60 | U2: =(0.6*Q2 + 0.4*(L2*5) + (100 - R2)) / 2 -> 43.705 | V2: =(Q2 + (100 - R2) + T2 + B2) / 4 -> 55.6875 | W2: =0.2*V2 + 0.8*U2 -> 46.1015 | X2: =0.3*(100-Q2) + 0.3*(100-B2) + 0.25*(100-T2) + 0.15*(100-T2) -> 38.395 | Y2: =0.4*T2 + 0.35*B2 + 0.25*U2 -> 49.62625 | Z2: =(B2 + T2 + (100-R2)) / 3 -> 46.466667 | AA2: =(U2+V2+W2)/3 -> 48.498 | AB2: =0.2*W2 + 0.2*Z2 + 0.2*(100-R2) + 0.15*(100-X2) + 0.15*U2 + 0.1*AD2 -> 46.807688 | AC2: =0.4*(100-W2) + 0.3*X2 + 0.2*(100-V2) + 0.1*(100-U2) -> 47.5699 | AD2: =0.5*V2 + 0.3*U2 + 0.2*W2 -> 50.17555
A3: U002 | B3: 100 | C3: 6 | D3: 58 | E3: 16 | F3: 4 | G3: 62 | H3: 66 | I3: 61 | J3: 7 | K3: 97 | L3: 5 | M3: 1 | N3: 3 | O3: 1 | P3: 2 | Q3: =0.35*C3+0.3*D3+0.2*E3+0.15*F3 -> 23.3 | R3: =0.3*G3+0.25*H3+0.2*I3+0.15*J3+0.1*K3 -> 58.05 | S3: =M3+N3+O3+P3 -> 7 | T3: =(S3/20)*100 -> 35 | U3: =(0.6*Q3 + 0.4*(L3*5) + (100 - R3)) / 2 -> 32.965 | V3: =(Q3 + (100 - R3) + T3 + B3) / 4 -> 50.0625 | W3: =0.2*V3 + 0.8*U3 -> 36.3845 | X3: =0.3*(100-Q3) + 0.3*(100-B3) + 0.25*(100-T3) + 0.15*(100-T3) -> 49.01 | Y3: =0.4*T3 + 0.35*B3 + 0.25*U3 -> 57.24125 | Z3: =(B3 + T3 + (100-R3)) / 3 -> 58.983333 | AA3: =(U3+V3+W3)/3 -> 39.804 | AB3: =0.2*W3 + 0.2*Z3 + 0.2*(100-R3) + 0.15*(100-X3) + 0.15*U3 + 0.1*AD3 -> 44.276582 | AC3: =0.4*(100-W3) + 0.3*X3 + 0.2*(100-V3) + 0.1*(100-U3) -> 56.8402 | AD3: =0.5*V3 + 0.3*U3 + 0.2*W3 -> 42.19765
A4: U003 | B4: 51 | C4: 5 | D4: 83 | E4: 88 | F4: 20 | G4: 72 | H4: 6 | I4: 36 | J4: 13 | K4: 93 | L4: 13 | M4: 1 | N4: 5 | O4: 5 | P4: 5 | Q4: =0.35*C4+0.3*D4+0.2*E4+0.15*F4 -> 47.25 | R4: =0.3*G4+0.25*H4+0.2*I4+0.15*J4+0.1*K4 -> 41.55 | S4: =M4+N4+O4+P4 -> 16 | T4: =(S4/20)*100 -> 80 | U4: =(0.6*Q4 + 0.4*(L4*5) + (100 - R4)) / 2 -> 56.4 | V4: =(Q4 + (100 - R4) + T4 + B4) / 4 -> 59.175 | W4: =0.2*V4 + 0.8*U4 -> 56.955 | X4: =0.3*(100-Q4) + 0.3*(100-B4) + 0.25*(100-T4) + 0.15*(100-T4) -> 38.525 | Y4: =0.4*T4 + 0.35*B4 + 0.25*U4 -> 63.95 | Z4: =(B4 + T4 + (100-R4)) / 3 -> 63.15 | AA4: =(U4+V4+W4)/3 -> 57.51 | AB4: =0.2*W4 + 0.2*Z4 + 0.2*(100-R4) + 0.15*(100-X4) + 0.15*U4 + 0.1*AD4 -> 59.1821 | AC4: =0.4*(100-W4) + 0.3*X4 + 0.2*(100-V4) + 0.1*(100-U4) -> 41.3005 | AD4: =0.5*V4 + 0.3*U4 + 0.2*W4 -> 57.8985
A5: U004 | B5: 52 | C5: 56 | D5: 81 | E5: 89 | F5: 85 | G5: 58 | H5: 24 | I5: 91 | J5: 43 | K5: 63 | L5: 11 | M5: 3 | N5: 3 | O5: 2 | P5: 2 | Q5: =0.35*C5+0.3*D5+0.2*E5+0.15*F5 -> 74.45 | R5: =0.3*G5+0.25*H5+0.2*I5+0.15*J5+0.1*K5 -> 54.35 | S5: =M5+N5+O5+P5 -> 10 | T5: =(S5/20)*100 -> 50 | U5: =(0.6*Q5 + 0.4*(L5*5) + (100 - R5)) / 2 -> 56.16 | V5: =(Q5 + (100 - R5) + T5 + B5) / 4 -> 55.525 | W5: =0.2*V5 + 0.8*U5 -> 56.033 | X5: =0.3*(100-Q5) + 0.3*(100-B5) + 0.25*(100-T5) + 0.15*(100-T5) -> 42.065 | Y5: =0.4*T5 + 0.35*B5 + 0.25*U5 -> 52.24 | Z5: =(B5 + T5 + (100-R5)) / 3 -> 49.216667 | AA5: =(U5+V5+W5)/3 -> 55.906 | AB5: =0.2*W5 + 0.2*Z5 + 0.2*(100-R5) + 0.15*(100-X5) + 0.15*U5 + 0.1*AD5 -> 52.875893 | AC5: =0.4*(100-W5) + 0.3*X5 + 0.2*(100-V5) + 0.1*(100-U5) -> 43.4853 | AD5: =0.5*V5 + 0.3*U5 + 0.2*W5 -> 55.8171
A6: U005 | B6: 41 | C6: 73 | D6: 46 | E6: 33 | F6: 9 | G6: 5 | H6: 63 | I6: 49 | J6: 5 | K6: 47 | L6: 14 | M6: 2 | N6: 5 | O6: 4 | P6: 2 | Q6: =0.35*C6+0.3*D6+0.2*E6+0.15*F6 -> 47.3 | R6: =0.3*G6+0.25*H6+0.2*I6+0.15*J6+0.1*K6 -> 32.5 | S6: =M6+N6+O6+P6 -> 13 | T6: =(S6/20)*100 -> 65 | U6: =(0.6*Q6 + 0.4*(L6*5) + (100 - R6)) / 2 -> 61.94 | V6: =(Q6 + (100 - R6) + T6 + B6) / 4 -> 55.2 | W6: =0.2*V6 + 0.8*U6 -> 60.592 | X6: =0.3*(100-Q6) + 0.3*(100-B6) + 0.25*(100-T6) + 0.15*(100-T6) -> 47.51 | Y6: =0.4*T6 + 0.35*B6 + 0.25*U6 -> 55.835 | Z6: =(B6 + T6 + (100-R6)) / 3 -> 57.833333 | AA6: =(U6+V6+W6)/3 -> 59.244 | AB6: =0.2*W6 + 0.2*Z6 + 0.2*(100-R6) + 0.15*(100-X6) + 0.15*U6 + 0.1*AD6 -> 60.179607 | AC6: =0.4*(100-W6) + 0.3*X6 + 0.2*(100-V6) + 0.1*(100-U6) -> 42.7822 | AD6: =0.5*V6 + 0.3*U6 + 0.2*W6 -> 58.3004
A7: U006 | B7: 70 | C7: 88 | D7: 24 | E7: 8 | F7: 95 | G7: 25 | H7: 57 | I7: 17 | J7: 84 | K7: 86 | L7: 14 | M7: 2 | N7: 2 | O7: 5 | P7: 1 | Q7: =0.35*C7+0.3*D7+0.2*E7+0.15*F7 -> 53.85 | R7: =0.3*G7+0.25*H7+0.2*I7+0.15*J7+0.1*K7 -> 46.35 | S7: =M7+N7+O7+P7 -> 10 | T7: =(S7/20)*100 -> 50 | U7: =(0.6*Q7 + 0.4*(L7*5) + (100 - R7)) / 2 -> 56.98 | V7: =(Q7 + (100 - R7) + T7 + B7) / 4 -> 56.875 | W7: =0.2*V7 + 0.8*U7 -> 56.959 | X7: =0.3*(100-Q7) + 0.3*(100-B7) + 0.25*(100-T7) + 0.15*(100-T7) -> 42.845 | Y7: =0.4*T7 + 0.35*B7 + 0.25*U7 -> 58.745 | Z7: =(B7 + T7 + (100-R7)) / 3 -> 57.883333 | AA7: =(U7+V7+W7)/3 -> 56.938 | AB7: =0.2*W7 + 0.2*Z7 + 0.2*(100-R7) + 0.15*(100-X7) + 0.15*U7 + 0.1*AD7 -> 56.511047 | AC7: =0.4*(100-W7) + 0.3*X7 + 0.2*(100-V7) + 0.1*(100-U7) -> 42.9969 | AD7: =0.5*V7 + 0.3*U7 + 0.2*W7 -> 56.9233
A8: U007 | B8: 22 | C8: 1 | D8: 47 | E8: 12 | F8: 88 | G8: 77 | H8: 23 | I8: 4 | J8: 15 | K8: 59 | L8: 13 | M8: 4 | N8: 5 | O8: 2 | P8: 4 | Q8: =0.35*C8+0.3*D8+0.2*E8+0.15*F8 -> 30.05 | R8: =0.3*G8+0.25*H8+0.2*I8+0.15*J8+0.1*K8 -> 37.8 | S8: =M8+N8+O8+P8 -> 15 | T8: =(S8/20)*100 -> 75 | U8: =(0.6*Q8 + 0.4*(L8*5) + (100 - R8)) / 2 -> 53.115 | V8: =(Q8 + (100 - R8) + T8 + B8) / 4 -> 47.3125 | W8: =0.2*V8 + 0.8*U8 -> 51.9545 | X8: =0.3*(100-Q8) + 0.3*(100-B8) + 0.25*(100-T8) + 0.15*(100-T8) -> 54.385 | Y8: =0.4*T8 + 0.35*B8 + 0.25*U8 -> 50.97875 | Z8: =(B8 + T8 + (100-R8)) / 3 -> 53.066667 | AA8: =(U8+V8+W8)/3 -> 50.794 | AB8: =0.2*W8 + 0.2*Z8 + 0.2*(100-R8) + 0.15*(100-X8) + 0.15*U8 + 0.1*AD8 -> 53.251898 | AC8: =0.4*(100-W8) + 0.3*X8 + 0.2*(100-V8) + 0.1*(100-U8) -> 50.7597 | AD8: =0.5*V8 + 0.3*U8 + 0.2*W8 -> 49.98165
A9: U008 | B9: 0 | C9: 67 | D9: 11 | E9: 83 | F9: 55 | G9: 35 | H9: 94 | I9: 56 | J9: 15 | K9: 73 | L9: 8 | M9: 1 | N9: 3 | O9: 3 | P9: 2 | Q9: =0.35*C9+0.3*D9+0.2*E9+0.15*F9 -> 51.6 | R9: =0.3*G9+0.25*H9+0.2*I9+0.15*J9+0.1*K9 -> 54.75 | S9: =M9+N9+O9+P9 -> 9 | T9: =(S9/20)*100 -> 45 | U9: =(0.6*Q9 + 0.4*(L9*5) + (100 - R9)) / 2 -> 46.105 | V9: =(Q9 + (100 - R9) + T9 + B9) / 4 -> 35.4625 | W9: =0.2*V9 + 0.8*U9 -> 43.9765 | X9: =0.3*(100-Q9) + 0.3*(100-B9) + 0.25*(100-T9) + 0.15*(100-T9) -> 66.52 | Y9: =0.4*T9 + 0.35*B9 + 0.25*U9 -> 29.52625 | Z9: =(B9 + T9 + (100-R9)) / 3 -> 30.083333 | AA9: =(U9+V9+W9)/3 -> 41.848 | AB9: =0.2*W9 + 0.2*Z9 + 0.2*(100-R9) + 0.15*(100-X9) + 0.15*U9 + 0.1*AD9 -> 39.835522 | AC9: =0.4*(100-W9) + 0.3*X9 + 0.2*(100-V9) + 0.1*(100-U9) -> 60.6624 | AD9: =0.5*V9 + 0.3*U9 + 0.2*W9 -> 40.35805
A10: U009 | B10: 17 | C10: 47 | D10: 38 | E10: 34 | F10: 89 | G10: 59 | H10: 21 | I10: 67 | J10: 74 | K10: 47 | L10: 1 | M10: 2 | N10: 2 | O10: 1 | P10: 2 | Q10: =0.35*C10+0.3*D10+0.2*E10+0.15*F10 -> 48 | R10: =0.3*G10+0.25*H10+0.2*I10+0.15*J10+0.1*K10 -> 52.15 | S10: =M10+N10+O10+P10 -> 7 | T10: =(S10/20)*100 -> 35 | U10: =(0.6*Q10 + 0.4*(L10*5) + (100 - R10)) / 2 -> 39.325 | V10: =(Q10 + (100 - R10) + T10 + B10) / 4 -> 36.9625 | W10: =0.2*V10 + 0.8*U10 -> 38.8525 | X10: =0.3*(100-Q10) + 0.3*(100-B10) + 0.25*(100-T10) + 0.15*(100-T10) -> 66.5 | Y10: =0.4*T10 + 0.35*B10 + 0.25*U10 -> 29.78125 | Z10: =(B10 + T10 + (100-R10)) / 3 -> 33.283333 | AA10: =(U10+V10+W10)/3 -> 38.38 | AB10: =0.2*W10 + 0.2*Z10 + 0.2*(100-R10) + 0.15*(100-X10) + 0.15*U10 + 0.1*AD10 -> 38.725842 | AC10: =0.4*(100-W10) + 0.3*X10 + 0.2*(100-V10) + 0.1*(100-U10) -> 63.084 | AD10: =0.5*V10 + 0.3*U10 + 0.2*W10 -> 38.04925
A11: U010 | B11: 44 | C11: 42 | D11: 15 | E11: 82 | F11: 35 | G11: 61 | H11: 77 | I11: 31 | J11: 50 | K11: 83 | L11: 2 | M11: 2 | N11: 4 | O11: 5 | P11: 3 | Q11: =0.35*C11+0.3*D11+0.2*E11+0.15*F11 -> 40.85 | R11: =0.3*G11+0.25*H11+0.2*I11+0.15*J11+0.1*K11 -> 59.55 | S11: =M11+N11+O11+P11 -> 14 | T11: =(S11/20)*100 -> 70 | U11: =(0.6*Q11 + 0.4*(L11*5) + (100 - R11)) / 2 -> 34.48 | V11: =(Q11 + (100 - R11) + T11 + B11) / 4 -> 48.825 | W11: =0.2*V11 + 0.8*U11 -> 37.349 | X11: =0.3*(100-Q11) + 0.3*(100-B11) + 0.25*(100-T11) + 0.15*(100-T11) -> 46.545 | Y11: =0.4*T11 + 0.35*B11 + 0.25*U11 -> 52.02 | Z11: =(B11 + T11 + (100-R11)) / 3 -> 51.483333 | AA11: =(U11+V11+W11)/3 -> 40.218 | AB11: =0.2*W11 + 0.2*Z11 + 0.2*(100-R11) + 0.15*(100-X11) + 0.15*U11 + 0.1*AD11 -> 43.269347 | AC11: =0.4*(100-W11) + 0.3*X11 + 0.2*(100-V11) + 0.1*(100-U11) -> 55.8109 | AD11: =0.5*V11 + 0.3*U11 + 0.2*W11 -> 42.2263
A12: U011 | B12: 94 | C12: 0 | D12: 47 | E12: 99 | F12: 78 | G12: 49 | H12: 29 | I12: 73 | J12: 36 | K12: 26 | L12: 3 | M12: 4 | N12: 4 | O12: 2 | P12: 3 | Q12: =0.35*C12+0.3*D12+0.2*E12+0.15*F12 -> 45.6 | R12: =0.3*G12+0.25*H12+0.2*I12+0.15*J12+0.1*K12 -> 44.55 | S12: =M12+N12+O12+P12 -> 13 | T12: =(S12/20)*100 -> 65 | U12: =(0.6*Q12 + 0.4*(L12*5) + (100 - R12)) / 2 -> 44.405 | V12: =(Q12 + (100 - R12) + T12 + B12) / 4 -> 65.0125 | W12: =0.2*V12 + 0.8*U12 -> 48.5265 | X12: =0.3*(100-Q12) + 0.3*(100-B12) + 0.25*(100-T12) + 0.15*(100-T12) -> 32.12 | Y12: =0.4*T12 + 0.35*B12 + 0.25*U12 -> 70.00125 | Z12: =(B12 + T12 + (100-R12)) / 3 -> 71.483333 | AA12: =(U12+V12+W12)/3 -> 52.648 | AB12: =0.2*W12 + 0.2*Z12 + 0.2*(100-R12) + 0.15*(100-X12) + 0.15*U12 + 0.1*AD12 -> 57.488022 | AC12: =0.4*(100-W12) + 0.3*X12 + 0.2*(100-V12) + 0.1*(100-U12) -> 42.7824 | AD12: =0.5*V12 + 0.3*U12 + 0.2*W12 -> 55.53305
A13: U012 | B13: 6 | C13: 73 | D13: 81 | E13: 39 | F13: 98 | G13: 62 | H13: 46 | I13: 91 | J13: 30 | K13: 49 | L13: 5 | M13: 5 | N13: 5 | O13: 1 | P13: 4 | Q13: =0.35*C13+0.3*D13+0.2*E13+0.15*F13 -> 72.35 | R13: =0.3*G13+0.25*H13+0.2*I13+0.15*J13+0.1*K13 -> 57.7 | S13: =M13+N13+O13+P13 -> 15 | T13: =(S13/20)*100 -> 75 | U13: =(0.6*Q13 + 0.4*(L13*5) + (100 - R13)) / 2 -> 47.855 | V13: =(Q13 + (100 - R13) + T13 + B13) / 4 -> 48.9125 | W13: =0.2*V13 + 0.8*U13 -> 48.0665 | X13: =0.3*(100-Q13) + 0.3*(100-B13) + 0.25*(100-T13) + 0.15*(100-T13) -> 46.495 | Y13: =0.4*T13 + 0.35*B13 + 0.25*U13 -> 44.06375 | Z13: =(B13 + T13 + (100-R13)) / 3 -> 41.1 | AA13: =(U13+V13+W13)/3 -> 48.278 | AB13: =0.2*W13 + 0.2*Z13 + 0.2*(100-R13) + 0.15*(100-X13) + 0.15*U13 + 0.1*AD13 -> 46.339905 | AC13: =0.4*(100-W13) + 0.3*X13 + 0.2*(100-V13) + 0.1*(100-U13) -> 50.1539 | AD13: =0.5*V13 + 0.3*U13 + 0.2*W13 -> 48.42605
... A101: U100 | B101: 24 | C101: 79 | D101: 71 | E101: 27 | F101: 66 | G101: 28 | H101: 52 | I101: 82 | J101: 7 | K101: 73 | L101: 10 | M101: 2 | N101: 4 | O101: 2 | P101: 4 | Q101: =0.35*C101+0.3*D101+0.2*E101+0.15*F101 -> 64.25 | R101: =0.3*G101+0.25*H101+0.2*I101+0.15*J101+0.1*K101 -> 46.15 | S101: =M101+N101+O101+P101 -> 12 | T101: =(S101/20)*100 -> 60 | U101: =(0.6*Q101 + 0.4*(L101*5) + (100 - R101)) / 2 -> 56.2 | V101: =(Q101 + (100 - R101) + T101 + B101) / 4 -> 50.525 | W101: =0.2*V101 + 0.8*U101 -> 55.065 | X101: =0.3*(100-Q101) + 0.3*(100-B101) + 0.25*(100-T101) + 0.15*(100-T101) -> 49.525 | Y101: =0.4*T101 + 0.35*B101 + 0.25*U101 -> 46.45 | Z101: =(B101 + T101 + (100-R101)) / 3 -> 45.95 | AA101: =(U101+V101+W101)/3 -> 53.93 | AB101: =0.2*W101 + 0.2*Z101 + 0.2*(100-R101) + 0.15*(100-X101) + 0.15*U101 + 0.1*AD101 -> 52.2878 | AC101: =0.4*(100-W101) + 0.3*X101 + 0.2*(100-V101) + 0.1*(100-U101) -> 47.1065 | AD101: =0.5*V101 + 0.3*U101 + 0.2*W101 -> 53.1355

Sheet Summary SheetAvg WES
A1: Metric | B1: Value
A2: Avg WES | B2: =AVERAGE(WellAura_Data!U2:U101) -> 49.02835
A3: Avg MES | B3: =AVERAGE(WellAura_Data!V2:V101) -> 53.108125
A4: Avg EEI | B4: =AVERAGE(WellAura_Data!W2:W101) -> 49.844305
A5: Avg BRS | B5: =AVERAGE(WellAura_Data!X2:X101) -> 44.55865
A6: % High Burnout users | B6: =COUNTIF(WellAura_Data!X2:X101,">=60")/COUNTA(WellAura_Data!X2:X101) -> 0.07
A7: Avg MA | B7: =AVERAGE(WellAura_Data!Y2:Y101) -> 55.141087
A8: Avg PES | B8: =AVERAGE(WellAura_Data!Z2:Z101) -> 53.889333
A9: Avg ASI | B9: =AVERAGE(WellAura_Data!AA2:AA101) -> 50.66026
A10: Avg Sustainability | B10: =AVERAGE(WellAura_Data!AB2:AB101) -> 51.095926
A11: Avg ARS | B11: =AVERAGE(WellAura_Data!AC2:AC101) -> 47.905413
A12: Avg Twi | B12: =AVERAGE(WellAura_Data!AD2:AD101) -> 51.231428

Sheet Insights Sheet
A1: Insights from Wellness Data Analysis
A3: Average WES is around 49, indicating mild fatigue among most users.
A4: MES (53) is higher than WES, suggesting recent decline in energy levels.
A5: Average EEI (~50) indicates borderline energy depletion.
A6: Average BRS (~45) shows moderate burnout risk.
A7: Around 7% users fall under high burnout risk category.
A8: Low physical activity and high stress are associated with higher burnout risk.
A10: Overall, users show moderate energy levels with emerging burnout risk, requiring preventive interventions.

Sheet Data_Dictionary
A1: Column Name | B1: Description | C1: Range | F1: Column Name | G1: Description | H1: Range | J1: Column Name | K1: Description | L1: Range | O1: Column Name | P1: Description | Q1: Range
A2: User_ID | B2: Unique identifier for each user | C2: Text | F2: Stress_A | G2: Stress factor A | H2: 0–100 | J2: Physical_Activity_Score | K2: Activity level in last 7 days | L2: 0–20 | O2: Sleep_Score | P2: Weighted sleep index | Q2: 0–100
A3: Mood_Score | B3: User’s emotional state score | C3: 0–100 | F3: Stress_B | G3: Stress factor B | H3: 0–100 | J3: Focus_Q1–Q4 | K3: Focus-related questions | L3: 1–5 | O3: Stress_Score | P3: Weighted stress index | Q3: 0–100
A4: Sleep_Duration | B4: Sleep duration score | C4: 0–100 | F4: Stress_C | G4: Stress factor C | H4: 0–100 | O4: Focus_Index | P4: Converted focus score | Q4: 0–100
A5: Sleep_Quality | B5: Quality of sleep | C5: 0–100 | F5: Stress_D | G5: Stress factor D | H5: 0–100 | O5: WES | P5: Weekly Energy Score | Q5: 0–100
A6: Sleep_Disturbance | B6: Disturbance during sleep | C6: 0–100 | F6: Stress_E | G6: Stress factor E | H6: 0–100 | O6: MES | P6: Monthly Energy Score | Q6: 0–100
A7: Morning_Freshness | B7: How fresh user feels in morning | C7: 0–100 | O7: EEI | P7: Employee Energy Index | Q7: 0–100
O8: BRS | P8: Burnout Risk Score | Q8: 0–100
